text,labels,emotions
"now if he does off himself, everyone will think hes having a laugh screwing with people instead of actually dead",27,surprise
why the fuck is bayless isoing,2,amusement
to make her feel threatened,14,excitement
dirty southern wankers,3,anger
omg peyton isn't good enough to help us in the playoffs! dumbass broncos fans circa december 2015.,26,sadness
yes i heard abt the f bombs! that has to be why. thanks for your reply:) until then hubby and i will anxiously wait üòù,15,fear
we need more boards and to create a bit more space for [name]. then we‚Äôll be good.,"8,20",curiosity
damn youtube and outrage drama is super lucrative for reddit,0,neutral
it might be linked to the trust factor of your friend.,27,surprise
demographics? i don‚Äôt know anybody under 35 who has cable tv.,6,caring
"aww... she'll probably come around eventually, i'm sure she was just jealous of [name]... i mean, what woman wouldn't be! lol ","1,4",admiration
hello everyone. im from toronto as well. can call and visit in personal if needed.,27,surprise
r/sleeptrain might be time for some sleep training. take a look and try to feel out what's right for your family.,5,approval
"[name] - same fucking problem, slightly better command of the english language.",3,anger
"shit, i guess i accidentally bought a pay-per-view boxing match","3,12",anger
thank you friend,15,fear
fucking coward.,2,amusement
that is what retardation looks like,27,surprise
maybe that‚Äôs what happened to the great white at houston zoo,"6,22",caring
